{
  "accuracy": [
    0.09501709789037704,
    0.277723491191864,
    0.38080117106437683,
    0.4763067960739136,
    0.5024425983428955,
    0.6042989492416382,
    0.6734245419502258,
    0.7210552096366882
  ],
  "loss": [
    4.275529384613037,
    3.2770285606384277,
    2.724896192550659,
    2.3055508136749268,
    2.130225419998169,
    1.7432820796966553,
    1.5464590787887573,
    1.380518913269043
  ],
  "val_accuracy": [
    0.2589154839515686,
    0.47435271739959717,
    0.5847581624984741,
    0.6448461413383484,
    0.6389839053153992,
    0.7239863276481628,
    0.7850512862205505,
    0.8124083876609802
  ],
  "val_loss": [
    3.314340829849243,
    2.419205665588379,
    1.9306331872940063,
    1.6304917335510254,
    1.4536051750183105,
    1.2338861227035522,
    1.1021196842193604,
    1.0939041376113892
  ],
  "learning_rate": [
    0.0010000000474974513,
    0.0010000000474974513,
    0.0010000000474974513,
    0.0010000000474974513,
    9.999999747378752e-05,
    9.999999747378752e-05,
    9.999999747378752e-05,
    9.999999747378752e-05
  ]
}