{
  "accuracy": [
    0.10845138877630234,
    0.29384464025497437,
    0.3893502652645111,
    0.47386419773101807,
    0.545676589012146,
    0.6502198576927185,
    0.6897899508476257,
    0.7515876889228821
  ],
  "loss": [
    4.2029500007629395,
    3.2507400512695312,
    2.705842971801758,
    2.290245294570923,
    1.977946162223816,
    1.6318175792694092,
    1.4915788173675537,
    1.3072736263275146
  ],
  "val_accuracy": [
    0.2574499249458313,
    0.4807034730911255,
    0.5803614854812622,
    0.6492428183555603,
    0.7049340605735779,
    0.772838294506073,
    0.8099657893180847,
    0.8417195677757263
  ],
  "val_loss": [
    3.262727737426758,
    2.3805267810821533,
    1.9601800441741943,
    1.6249616146087646,
    1.183533787727356,
    1.0649375915527344,
    0.9899279475212097,
    0.9076188206672668
  ],
  "learning_rate": [
    0.0010000000474974513,
    0.0010000000474974513,
    0.0010000000474974513,
    0.0010000000474974513,
    9.999999747378752e-05,
    9.999999747378752e-05,
    9.999999747378752e-05,
    9.999999747378752e-05
  ]
}