{
  "accuracy": [
    0.043722521513700485,
    0.13336589932441711,
    0.19833903014659882,
    0.23400098085403442,
    0.25720566511154175,
    0.31509527564048767,
    0.36223742365837097,
    0.3942354619503021
  ],
  "loss": [
    4.780174255371094,
    4.041569232940674,
    3.625464916229248,
    3.3389620780944824,
    3.2323367595672607,
    2.925172805786133,
    2.7628657817840576,
    2.6336758136749268
  ],
  "val_accuracy": [
    0.18808011710643768,
    0.3219345510005951,
    0.40547141432762146,
    0.4855886697769165,
    0.43282851576805115,
    0.46995604038238525,
    0.5051294565200806,
    0.5124572515487671
  ],
  "val_loss": [
    3.762281656265259,
    3.0944273471832275,
    2.731539487838745,
    2.39992356300354,
    2.2266480922698975,
    2.2136378288269043,
    2.110692024230957,
    2.087883234024048
  ],
  "learning_rate": [
    0.0010000000474974513,
    0.0010000000474974513,
    0.0010000000474974513,
    0.0010000000474974513,
    9.999999747378752e-05,
    9.999999747378752e-05,
    9.999999747378752e-05,
    9.999999747378752e-05
  ]
}