{
  "accuracy": [
    0.1910112351179123,
    0.45114803314208984,
    0.589154839515686,
    0.6839277148246765,
    0.7423058152198792,
    0.8373228907585144,
    0.8742061257362366,
    0.9193942546844482
  ],
  "loss": [
    3.863856077194214,
    2.6097052097320557,
    1.9622259140014648,
    1.531597375869751,
    1.231227159500122,
    0.9042381644248962,
    0.7507327795028687,
    0.6052260994911194
  ],
  "val_accuracy": [
    0.3185149133205414,
    0.5725451707839966,
    0.6712262034416199,
    0.7254518866539001,
    0.7762579321861267,
    0.8314606547355652,
    0.8778700828552246,
    0.8900830745697021
  ],
  "val_loss": [
    2.9553701877593994,
    2.0008790493011475,
    1.5696282386779785,
    1.2648663520812988,
    0.9230146408081055,
    0.7709660530090332,
    0.6124359965324402,
    0.5593525171279907
  ],
  "learning_rate": [
    0.0010000000474974513,
    0.0010000000474974513,
    0.0010000000474974513,
    0.0010000000474974513,
    9.999999747378752e-05,
    9.999999747378752e-05,
    9.999999747378752e-05,
    9.999999747378752e-05
  ]
}