{
  "accuracy": [
    0.03761602193117142,
    0.11993160843849182,
    0.19418661296367645,
    0.23302394151687622,
    0.24621397256851196,
    0.32608696818351746,
    0.36541280150413513,
    0.40449437499046326
  ],
  "loss": [
    4.765247344970703,
    4.052245616912842,
    3.6142725944519043,
    3.3129096031188965,
    3.2196362018585205,
    2.924610137939453,
    2.7506461143493652,
    2.5961592197418213
  ],
  "val_accuracy": [
    0.1621885746717453,
    0.33756718039512634,
    0.4211040437221527,
    0.4802149534225464,
    0.40595993399620056,
    0.5017098188400269,
    0.545676589012146,
    0.5979481935501099
  ],
  "val_loss": [
    3.8264191150665283,
    3.099201202392578,
    2.7417311668395996,
    2.4659438133239746,
    2.5522100925445557,
    2.3230907917022705,
    2.194575071334839,
    1.9978668689727783
  ],
  "learning_rate": [
    0.0010000000474974513,
    0.0010000000474974513,
    0.0010000000474974513,
    0.0010000000474974513,
    9.999999747378752e-05,
    9.999999747378752e-05,
    9.999999747378752e-05,
    9.999999747378752e-05
  ]
}