{
  "accuracy": [
    0.09452857822179794,
    0.2960429787635803,
    0.39154860377311707,
    0.4682462215423584,
    0.5429897308349609,
    0.63312166929245,
    0.7078651785850525,
    0.7379091382026672
  ],
  "loss": [
    4.242628574371338,
    3.217144250869751,
    2.6802620887756348,
    2.264688730239868,
    1.943028211593628,
    1.6412287950515747,
    1.4408245086669922,
    1.3075404167175293
  ],
  "val_accuracy": [
    0.30288225412368774,
    0.46995604038238525,
    0.5759648084640503,
    0.6433805823326111,
    0.691255509853363,
    0.7738153338432312,
    0.7957987189292908,
    0.8358573317527771
  ],
  "val_loss": [
    3.1836719512939453,
    2.411705255508423,
    1.9513218402862549,
    1.6516551971435547,
    1.254116415977478,
    1.0901572704315186,
    1.0517942905426025,
    0.9138593673706055
  ],
  "learning_rate": [
    0.0010000000474974513,
    0.0010000000474974513,
    0.0010000000474974513,
    0.0010000000474974513,
    9.999999747378752e-05,
    9.999999747378752e-05,
    9.999999747378752e-05,
    9.999999747378752e-05
  ]
}