{
  "accuracy": [
    0.03615046292543411,
    0.12481680512428284,
    0.1949193924665451,
    0.25427454710006714,
    0.27699071168899536,
    0.34391793608665466,
    0.3869076669216156,
    0.41646310687065125
  ],
  "loss": [
    4.774065971374512,
    4.059879302978516,
    3.6399033069610596,
    3.303349733352661,
    3.1099908351898193,
    2.8706021308898926,
    2.718245506286621,
    2.56504225730896
  ],
  "val_accuracy": [
    0.1939423531293869,
    0.3224230706691742,
    0.4142647683620453,
    0.4767953157424927,
    0.4899853467941284,
    0.5451880693435669,
    0.5989252328872681,
    0.6248167753219604
  ],
  "val_loss": [
    3.823939323425293,
    3.126208543777466,
    2.7599973678588867,
    2.491997003555298,
    2.196321725845337,
    2.009561061859131,
    1.9781094789505005,
    1.9501466751098633
  ],
  "learning_rate": [
    0.0010000000474974513,
    0.0010000000474974513,
    0.0010000000474974513,
    0.0010000000474974513,
    9.999999747378752e-05,
    9.999999747378752e-05,
    9.999999747378752e-05,
    9.999999747378752e-05
  ]
}