{
  "accuracy": [
    0.18514899909496307,
    0.444553017616272,
    0.5652173757553101,
    0.6580361723899841,
    0.6917440295219421,
    0.8141182065010071,
    0.8678553700447083,
    0.9076697826385498
  ],
  "loss": [
    3.876131534576416,
    2.6359989643096924,
    2.015693187713623,
    1.5768340826034546,
    1.3934996128082275,
    0.9801531434059143,
    0.7750153541564941,
    0.642829954624176
  ],
  "val_accuracy": [
    0.3629702031612396,
    0.5857352018356323,
    0.6726917624473572,
    0.7430385947227478,
    0.7791890501976013,
    0.811431348323822,
    0.8783586025238037,
    0.8910601139068604
  ],
  "val_loss": [
    2.7752716541290283,
    1.9512723684310913,
    1.5376293659210205,
    1.2065125703811646,
    0.9366433620452881,
    0.8715000748634338,
    0.6521487832069397,
    0.6567151546478271
  ],
  "learning_rate": [
    0.0010000000474974513,
    0.0010000000474974513,
    0.0010000000474974513,
    0.0010000000474974513,
    9.999999747378752e-05,
    9.999999747378752e-05,
    9.999999747378752e-05,
    9.999999747378752e-05
  ]
}