{
  "accuracy": [
    0.19662921130657196,
    0.45554471015930176,
    0.5781631469726562,
    0.6634098887443542,
    0.7476795315742493,
    0.8434293866157532,
    0.8878847360610962,
    0.9218368530273438
  ],
  "loss": [
    3.858360767364502,
    2.60543155670166,
    1.970750331878662,
    1.5368404388427734,
    1.2015529870986938,
    0.8939051032066345,
    0.7188392877578735,
    0.5829299688339233
  ],
  "val_accuracy": [
    0.3497801721096039,
    0.5886663198471069,
    0.6849047541618347,
    0.7435271143913269,
    0.7879824042320251,
    0.864191472530365,
    0.9022960662841797,
    0.908646821975708
  ],
  "val_loss": [
    2.8725359439849854,
    1.99991774559021,
    1.5183712244033813,
    1.2139596939086914,
    0.8976156711578369,
    0.673703134059906,
    0.5619801878929138,
    0.53954017162323
  ],
  "learning_rate": [
    0.0010000000474974513,
    0.0010000000474974513,
    0.0010000000474974513,
    0.0010000000474974513,
    9.999999747378752e-05,
    9.999999747378752e-05,
    9.999999747378752e-05,
    9.999999747378752e-05
  ]
}