{
  "accuracy": [
    0.03908158466219902,
    0.13116756081581116,
    0.18661455810070038,
    0.23497802019119263,
    0.2921348214149475,
    0.3297508656978607,
    0.3781143128871918,
    0.41108939051628113
  ],
  "loss": [
    4.7717790603637695,
    4.040599346160889,
    3.63797664642334,
    3.3414695262908936,
    3.0929958820343018,
    2.8703815937042236,
    2.7080516815185547,
    2.575667142868042
  ],
  "val_accuracy": [
    0.23986321687698364,
    0.36638984084129333,
    0.4450415372848511,
    0.5002442598342896,
    0.5095261335372925,
    0.5276013612747192,
    0.5837811231613159,
    0.63312166929245
  ],
  "val_loss": [
    3.676095962524414,
    3.0789542198181152,
    2.7009530067443848,
    2.4154515266418457,
    2.113891839981079,
    2.0060391426086426,
    1.9322692155838013,
    1.8566092252731323
  ],
  "learning_rate": [
    0.0010000000474974513,
    0.0010000000474974513,
    0.0010000000474974513,
    0.0010000000474974513,
    9.999999747378752e-05,
    9.999999747378752e-05,
    9.999999747378752e-05,
    9.999999747378752e-05
  ]
}