{
  "accuracy": [
    0.1954079121351242,
    0.4538348913192749,
    0.5925744771957397,
    0.6819736361503601,
    0.6951636672019958,
    0.8224230408668518,
    0.873961865901947,
    0.9066927433013916
  ],
  "loss": [
    3.8489062786102295,
    2.5980069637298584,
    1.9450181722640991,
    1.5118767023086548,
    1.3590205907821655,
    0.9388580918312073,
    0.7514923214912415,
    0.61550372838974
  ],
  "val_accuracy": [
    0.3634587228298187,
    0.5730336904525757,
    0.6883243918418884,
    0.7498778700828552,
    0.7528089880943298,
    0.8241328597068787,
    0.8514899611473083,
    0.8744503855705261
  ],
  "val_loss": [
    2.8218183517456055,
    1.9904251098632812,
    1.5682133436203003,
    1.2417306900024414,
    0.9974808692932129,
    0.8599947094917297,
    0.7705261707305908,
    0.6876323223114014
  ],
  "learning_rate": [
    0.0010000000474974513,
    0.0010000000474974513,
    0.0010000000474974513,
    0.0010000000474974513,
    9.999999747378752e-05,
    9.999999747378752e-05,
    9.999999747378752e-05,
    9.999999747378752e-05
  ]
}