{
  "accuracy": [
    0.10307767242193222,
    0.29237908124923706,
    0.40107473731040955,
    0.46849048137664795,
    0.4975574016571045,
    0.5911089181900024,
    0.6648754477500916,
    0.7090864777565002
  ],
  "loss": [
    4.226808071136475,
    3.2223448753356934,
    2.691157579421997,
    2.3070788383483887,
    2.1223011016845703,
    1.7558410167694092,
    1.55937659740448,
    1.395358920097351
  ],
  "val_accuracy": [
    0.23106986284255981,
    0.4562774896621704,
    0.5852466821670532,
    0.6541280150413513,
    0.6599902510643005,
    0.7147044539451599,
    0.7659990191459656,
    0.7674645781517029
  ],
  "val_loss": [
    3.3966047763824463,
    2.469928026199341,
    1.9910645484924316,
    1.688283085823059,
    1.4014850854873657,
    1.2614965438842773,
    1.1461068391799927,
    1.1617628335952759
  ],
  "learning_rate": [
    0.0010000000474974513,
    0.0010000000474974513,
    0.0010000000474974513,
    0.0010000000474974513,
    9.999999747378752e-05,
    9.999999747378752e-05,
    9.999999747378752e-05,
    9.999999747378752e-05
  ]
}