{
  "accuracy": [
    0.02613580785691738,
    0.08207132667303085,
    0.12823644280433655,
    0.17024914920330048,
    0.20175866782665253,
    0.19956032931804657,
    0.2078651636838913,
    0.21787981688976288
  ],
  "loss": [
    4.868732929229736,
    4.272552013397217,
    3.9323763847351074,
    3.6527862548828125,
    3.4940989017486572,
    3.4983694553375244,
    3.422884225845337,
    3.3821964263916016
  ],
  "val_accuracy": [
    0.1270151436328888,
    0.23204690217971802,
    0.30727893114089966,
    0.37909135222435,
    0.3829995095729828,
    0.3927699029445648,
    0.39765509963035583,
    0.40156325697898865
  ],
  "val_loss": [
    4.318187713623047,
    3.960120916366577,
    3.5866150856018066,
    3.2309889793395996,
    3.1228506565093994,
    3.0485587120056152,
    2.992748498916626,
    2.947808027267456
  ],
  "learning_rate": [
    0.0010000000474974513,
    0.0010000000474974513,
    0.0010000000474974513,
    0.0010000000474974513,
    9.999999747378752e-05,
    9.999999747378752e-05,
    9.999999747378752e-05,
    9.999999747378752e-05
  ]
}