{
  "accuracy": [
    0.13800683617591858,
    0.34098681807518005,
    0.44357597827911377,
    0.5210063457489014,
    0.5698583126068115,
    0.5869565010070801,
    0.5933072566986084,
    0.5955055952072144
  ],
  "loss": [
    4.080909252166748,
    3.030395269393921,
    2.488891839981079,
    2.081723213195801,
    1.8575021028518677,
    1.7933986186981201,
    1.7689251899719238,
    1.7359837293624878
  ],
  "val_accuracy": [
    0.2515876889228821,
    0.4157303273677826,
    0.5139228105545044,
    0.5705910921096802,
    0.5994137525558472,
    0.6116267442703247,
    0.6184660196304321,
    0.6277479529380798
  ],
  "val_loss": [
    3.948150634765625,
    3.184221029281616,
    2.5325064659118652,
    2.0420522689819336,
    1.8794668912887573,
    1.7828902006149292,
    1.721729040145874,
    1.6772994995117188
  ],
  "learning_rate": [
    0.0010000000474974513,
    0.0010000000474974513,
    0.0010000000474974513,
    0.0010000000474974513,
    9.999999747378752e-05,
    9.999999747378752e-05,
    9.999999747378752e-05,
    9.999999747378752e-05
  ]
}