{
  "accuracy": [
    0.07962872833013535,
    0.20420126616954803,
    0.2828529477119446,
    0.3522227704524994,
    0.38715192675590515,
    0.3947239816188812,
    0.4052271544933319,
    0.4071812331676483
  ],
  "loss": [
    4.377509117126465,
    3.6084418296813965,
    3.1595401763916016,
    2.788180112838745,
    2.5828757286071777,
    2.549948215484619,
    2.5206360816955566,
    2.473792552947998
  ],
  "val_accuracy": [
    0.17098192870616913,
    0.34587201476097107,
    0.4157303273677826,
    0.4792379140853882,
    0.492916464805603,
    0.5017098188400269,
    0.5061064958572388,
    0.5139228105545044
  ],
  "val_loss": [
    4.107186317443848,
    3.5632781982421875,
    3.014129877090454,
    2.535817861557007,
    2.393662929534912,
    2.3010876178741455,
    2.2382733821868896,
    2.1874446868896484
  ],
  "learning_rate": [
    0.0010000000474974513,
    0.0010000000474974513,
    0.0010000000474974513,
    0.0010000000474974513,
    9.999999747378752e-05,
    9.999999747378752e-05,
    9.999999747378752e-05,
    9.999999747378752e-05
  ]
}