{
  "accuracy": [
    0.13605275750160217,
    0.3363458812236786,
    0.44357597827911377,
    0.5175867080688477,
    0.560332179069519,
    0.5788959264755249,
    0.5845139026641846,
    0.5835368633270264
  ],
  "loss": [
    4.085611820220947,
    3.047945976257324,
    2.4644155502319336,
    2.091491222381592,
    1.8644347190856934,
    1.8140814304351807,
    1.777551293373108,
    1.7538390159606934
  ],
  "val_accuracy": [
    0.27112847566604614,
    0.4147532880306244,
    0.5114802122116089,
    0.5759648084640503,
    0.6013678312301636,
    0.6121152639389038,
    0.6223741769790649,
    0.6223741769790649
  ],
  "val_loss": [
    4.0096635818481445,
    3.2504255771636963,
    2.5608625411987305,
    2.0611860752105713,
    1.8882399797439575,
    1.7879724502563477,
    1.7230931520462036,
    1.6771069765090942
  ],
  "learning_rate": [
    0.0010000000474974513,
    0.0010000000474974513,
    0.0010000000474974513,
    0.0010000000474974513,
    9.999999747378752e-05,
    9.999999747378752e-05,
    9.999999747378752e-05,
    9.999999747378752e-05
  ]
}