{
  "accuracy": [
    0.06741572916507721,
    0.21836833655834198,
    0.2936003804206848,
    0.36638984084129333,
    0.40107473731040955,
    0.4167073667049408,
    0.41597458720207214,
    0.4245236814022064
  ],
  "loss": [
    4.435384750366211,
    3.5530929565429688,
    3.089139699935913,
    2.7422690391540527,
    2.529393196105957,
    2.482363224029541,
    2.457294464111328,
    2.41630220413208
  ],
  "val_accuracy": [
    0.1958964318037033,
    0.3595505654811859,
    0.46213972568511963,
    0.5065950155258179,
    0.5227161645889282,
    0.5324865579605103,
    0.5383487939834595,
    0.5471421480178833
  ],
  "val_loss": [
    4.124285697937012,
    3.543078899383545,
    2.968224048614502,
    2.4698870182037354,
    2.3243050575256348,
    2.2306668758392334,
    2.1669461727142334,
    2.116328716278076
  ],
  "learning_rate": [
    0.0010000000474974513,
    0.0010000000474974513,
    0.0010000000474974513,
    0.0010000000474974513,
    9.999999747378752e-05,
    9.999999747378752e-05,
    9.999999747378752e-05,
    9.999999747378752e-05
  ]
}