{
  "accuracy": [
    0.13067904114723206,
    0.3402540385723114,
    0.4452857971191406,
    0.5112359523773193,
    0.5730336904525757,
    0.5769418478012085,
    0.5828040838241577,
    0.5862237215042114
  ],
  "loss": [
    4.077612400054932,
    3.037292003631592,
    2.472414255142212,
    2.118910312652588,
    1.8427892923355103,
    1.7999247312545776,
    1.774490237236023,
    1.7476874589920044
  ],
  "val_accuracy": [
    0.24132877588272095,
    0.4186614453792572,
    0.5153883695602417,
    0.5661944150924683,
    0.6013678312301636,
    0.617977499961853,
    0.6257938742637634,
    0.6360527873039246
  ],
  "val_loss": [
    4.003145217895508,
    3.2137293815612793,
    2.5441157817840576,
    2.0445010662078857,
    1.8663830757141113,
    1.7665255069732666,
    1.7077916860580444,
    1.661841630935669
  ],
  "learning_rate": [
    0.0010000000474974513,
    0.0010000000474974513,
    0.0010000000474974513,
    0.0010000000474974513,
    9.999999747378752e-05,
    9.999999747378752e-05,
    9.999999747378752e-05,
    9.999999747378752e-05
  ]
}