{
  "accuracy": [
    0.07401074469089508,
    0.19125549495220184,
    0.2811431288719177,
    0.3473375737667084,
    0.3825109899044037,
    0.39203712344169617,
    0.40083047747612,
    0.3974108397960663
  ],
  "loss": [
    4.394527912139893,
    3.6175341606140137,
    3.1395535469055176,
    2.79390287399292,
    2.603438377380371,
    2.566115140914917,
    2.5004429817199707,
    2.5086851119995117
  ],
  "val_accuracy": [
    0.17537860572338104,
    0.34636053442955017,
    0.42892035841941833,
    0.492916464805603,
    0.49877870082855225,
    0.5075720548629761,
    0.5095261335372925,
    0.5192965269088745
  ],
  "val_loss": [
    4.1405839920043945,
    3.5888819694519043,
    3.005484104156494,
    2.5175251960754395,
    2.398179531097412,
    2.3140275478363037,
    2.2523632049560547,
    2.202871561050415
  ],
  "learning_rate": [
    0.0010000000474974513,
    0.0010000000474974513,
    0.0010000000474974513,
    0.0010000000474974513,
    9.999999747378752e-05,
    9.999999747378752e-05,
    9.999999747378752e-05,
    9.999999747378752e-05
  ]
}