{
  "accuracy": [
    0.06570591032505035,
    0.20322422683238983,
    0.2833414673805237,
    0.34636053442955017,
    0.3849535882472992,
    0.40644845366477966,
    0.4013189971446991,
    0.395945280790329
  ],
  "loss": [
    4.454807758331299,
    3.6024186611175537,
    3.127216339111328,
    2.78705096244812,
    2.608372688293457,
    2.5464260578155518,
    2.529327154159546,
    2.5037074089050293
  ],
  "val_accuracy": [
    0.18661455810070038,
    0.3273082673549652,
    0.43282851576805115,
    0.4787493944168091,
    0.49340498447418213,
    0.5061064958572388,
    0.516853928565979,
    0.5251587629318237
  ],
  "val_loss": [
    4.141424179077148,
    3.613985300064087,
    3.024369239807129,
    2.5329172611236572,
    2.387714385986328,
    2.29557204246521,
    2.2245142459869385,
    2.1787102222442627
  ],
  "learning_rate": [
    0.0010000000474974513,
    0.0010000000474974513,
    0.0010000000474974513,
    0.0010000000474974513,
    9.999999747378752e-05,
    9.999999747378752e-05,
    9.999999747378752e-05,
    9.999999747378752e-05
  ]
}