{
  "accuracy": [
    0.13654127717018127,
    0.32413288950920105,
    0.43136295676231384,
    0.5127015113830566,
    0.564728856086731,
    0.5757205486297607,
    0.5896433591842651,
    0.5955055952072144
  ],
  "loss": [
    4.0634660720825195,
    3.0779170989990234,
    2.4992728233337402,
    2.12117075920105,
    1.8745359182357788,
    1.825168251991272,
    1.79755437374115,
    1.7570436000823975
  ],
  "val_accuracy": [
    0.23302394151687622,
    0.4157303273677826,
    0.5046409368515015,
    0.574499249458313,
    0.5920859575271606,
    0.6003907918930054,
    0.613092303276062,
    0.6189545392990112
  ],
  "val_loss": [
    3.9866511821746826,
    3.288518190383911,
    2.6463570594787598,
    2.0730624198913574,
    1.9072562456130981,
    1.8094558715820312,
    1.745166540145874,
    1.6979807615280151
  ],
  "learning_rate": [
    0.0010000000474974513,
    0.0010000000474974513,
    0.0010000000474974513,
    0.0010000000474974513,
    9.999999747378752e-05,
    9.999999747378752e-05,
    9.999999747378752e-05,
    9.999999747378752e-05
  ]
}