{
  "accuracy": [
    0.1309233009815216,
    0.3229115903377533,
    0.43575963377952576,
    0.5151441097259521,
    0.5671714544296265,
    0.576697587966919,
    0.576697587966919,
    0.5918416976928711
  ],
  "loss": [
    4.1017608642578125,
    3.080899477005005,
    2.49664044380188,
    2.1086432933807373,
    1.8714048862457275,
    1.839533805847168,
    1.7910610437393188,
    1.756068468093872
  ],
  "val_accuracy": [
    0.2256961464881897,
    0.39814361929893494,
    0.5173424482345581,
    0.5754762887954712,
    0.60332190990448,
    0.613092303276062,
    0.6150463819503784,
    0.6257938742637634
  ],
  "val_loss": [
    3.973318576812744,
    3.3049352169036865,
    2.6075191497802734,
    2.09940242767334,
    1.9221832752227783,
    1.8157905340194702,
    1.7501013278961182,
    1.6960515975952148
  ],
  "learning_rate": [
    0.0010000000474974513,
    0.0010000000474974513,
    0.0010000000474974513,
    0.0010000000474974513,
    9.999999747378752e-05,
    9.999999747378752e-05,
    9.999999747378752e-05,
    9.999999747378752e-05
  ]
}