{
  "accuracy": [
    0.033463604748249054,
    0.08891060203313828,
    0.1404494345188141,
    0.18588177859783173,
    0.19833903014659882,
    0.21421591937541962,
    0.22642892599105835,
    0.2300928235054016
  ],
  "loss": [
    4.8683319091796875,
    4.2347612380981445,
    3.887007713317871,
    3.626997232437134,
    3.4702258110046387,
    3.444061040878296,
    3.392817258834839,
    3.375951051712036
  ],
  "val_accuracy": [
    0.15144112706184387,
    0.24230581521987915,
    0.3224230706691742,
    0.3820224702358246,
    0.3883732259273529,
    0.393746942281723,
    0.40254029631614685,
    0.40742549300193787
  ],
  "val_loss": [
    4.320835113525391,
    3.971538543701172,
    3.5914812088012695,
    3.1942970752716064,
    3.091914415359497,
    3.0211262702941895,
    2.9681506156921387,
    2.920640230178833
  ],
  "learning_rate": [
    0.0010000000474974513,
    0.0010000000474974513,
    0.0010000000474974513,
    0.0010000000474974513,
    9.999999747378752e-05,
    9.999999747378752e-05,
    9.999999747378752e-05,
    9.999999747378752e-05
  ]
}