{
  "accuracy": [
    0.07596482336521149,
    0.2083536833524704,
    0.28505128622055054,
    0.3456277549266815,
    0.3859306275844574,
    0.3964338004589081,
    0.40205177664756775,
    0.4037615954875946
  ],
  "loss": [
    4.416141033172607,
    3.592603921890259,
    3.1325364112854004,
    2.8095550537109375,
    2.6129214763641357,
    2.5509212017059326,
    2.54036808013916,
    2.509911298751831
  ],
  "val_accuracy": [
    0.19882754981517792,
    0.326331228017807,
    0.43331703543663025,
    0.4841231107711792,
    0.5036638975143433,
    0.5129457712173462,
    0.5188080072402954,
    0.5222276449203491
  ],
  "val_loss": [
    4.130854606628418,
    3.5461816787719727,
    3.0385921001434326,
    2.551133871078491,
    2.4059603214263916,
    2.307159185409546,
    2.2316722869873047,
    2.1854164600372314
  ],
  "learning_rate": [
    0.0010000000474974513,
    0.0010000000474974513,
    0.0010000000474974513,
    0.0010000000474974513,
    9.999999747378752e-05,
    9.999999747378752e-05,
    9.999999747378752e-05,
    9.999999747378752e-05
  ]
}