{
  "accuracy": [
    0.030532486736774445,
    0.09110894054174423,
    0.1463116705417633,
    0.1809965819120407,
    0.1968734711408615,
    0.2088422030210495,
    0.2068881243467331,
    0.21910113096237183
  ],
  "loss": [
    4.853707313537598,
    4.22719144821167,
    3.9061968326568604,
    3.651102066040039,
    3.5029091835021973,
    3.451491355895996,
    3.449967861175537,
    3.402294397354126
  ],
  "val_accuracy": [
    0.1270151436328888,
    0.2242305874824524,
    0.31509527564048767,
    0.36638984084129333,
    0.37371763586997986,
    0.3800683915615082,
    0.3834880292415619,
    0.3829995095729828
  ],
  "val_loss": [
    4.285820007324219,
    3.9244842529296875,
    3.5365638732910156,
    3.178049087524414,
    3.0931332111358643,
    3.0205249786376953,
    2.9705324172973633,
    2.9252943992614746
  ],
  "learning_rate": [
    0.0010000000474974513,
    0.0010000000474974513,
    0.0010000000474974513,
    0.0010000000474974513,
    9.999999747378752e-05,
    9.999999747378752e-05,
    9.999999747378752e-05,
    9.999999747378752e-05
  ]
}