{
  "accuracy": [
    0.02564728818833828,
    0.08793356269598007,
    0.12921348214149475,
    0.17635564506053925,
    0.20346848666667938,
    0.19956032931804657,
    0.20957498252391815,
    0.21250610053539276
  ],
  "loss": [
    4.878353595733643,
    4.259189605712891,
    3.9444098472595215,
    3.6667277812957764,
    3.484325885772705,
    3.502246141433716,
    3.448225736618042,
    3.414369583129883
  ],
  "val_accuracy": [
    0.12017586827278137,
    0.24816805124282837,
    0.31362971663475037,
    0.3580850064754486,
    0.37274059653282166,
    0.3810454308986664,
    0.3878847062587738,
    0.3932584226131439
  ],
  "val_loss": [
    4.330650329589844,
    3.9962167739868164,
    3.62418270111084,
    3.2526512145996094,
    3.140873432159424,
    3.063617706298828,
    3.0067079067230225,
    2.958540201187134
  ],
  "learning_rate": [
    0.0010000000474974513,
    0.0010000000474974513,
    0.0010000000474974513,
    0.0010000000474974513,
    9.999999747378752e-05,
    9.999999747378752e-05,
    9.999999747378752e-05,
    9.999999747378752e-05
  ]
}