{
  "accuracy": [
    0.034196384251117706,
    0.08793356269598007,
    0.12628236413002014,
    0.17024914920330048,
    0.2059110850095749,
    0.20664386451244354,
    0.21812407672405243,
    0.21348313987255096
  ],
  "loss": [
    4.864006042480469,
    4.252199172973633,
    3.9227499961853027,
    3.6320292949676514,
    3.473202705383301,
    3.436122179031372,
    3.4060919284820557,
    3.4124257564544678
  ],
  "val_accuracy": [
    0.14020517468452454,
    0.23155838251113892,
    0.3229115903377533,
    0.37274059653282166,
    0.3829995095729828,
    0.3927699029445648,
    0.39716657996177673,
    0.40254029631614685
  ],
  "val_loss": [
    4.3060784339904785,
    3.9609930515289307,
    3.5947868824005127,
    3.2402586936950684,
    3.1198976039886475,
    3.034688711166382,
    2.9725852012634277,
    2.925827741622925
  ],
  "learning_rate": [
    0.0010000000474974513,
    0.0010000000474974513,
    0.0010000000474974513,
    0.0010000000474974513,
    9.999999747378752e-05,
    9.999999747378752e-05,
    9.999999747378752e-05,
    9.999999747378752e-05
  ]
}