{
  "accuracy": [
    0.12408402562141418,
    0.3302393853664398,
    0.4276990592479706,
    0.5092818737030029,
    0.5622862577438354,
    0.5808500051498413,
    0.5857352018356323,
    0.6055202484130859
  ],
  "loss": [
    4.117156982421875,
    3.079503059387207,
    2.5198473930358887,
    2.1254923343658447,
    1.8906065225601196,
    1.8312859535217285,
    1.7973767518997192,
    1.741007924079895
  ],
  "val_accuracy": [
    0.23937469720840454,
    0.40547141432762146,
    0.5080605745315552,
    0.5847581624984741,
    0.5945285558700562,
    0.6106497049331665,
    0.6243282556533813,
    0.6272594332695007
  ],
  "val_loss": [
    4.017770290374756,
    3.2605299949645996,
    2.586167573928833,
    2.0579636096954346,
    1.8976688385009766,
    1.796507716178894,
    1.7347825765609741,
    1.686449646949768
  ],
  "learning_rate": [
    0.0010000000474974513,
    0.0010000000474974513,
    0.0010000000474974513,
    0.0010000000474974513,
    9.999999747378752e-05,
    9.999999747378752e-05,
    9.999999747378752e-05,
    9.999999747378752e-05
  ]
}