{
  "loss": [
    8.995208740234375,
    5.662961006164551,
    3.8824265003204346,
    2.7179040908813477,
    2.061140775680542,
    1.580176830291748,
    1.2723206281661987,
    0.9170369505882263,
    0.8077324628829956,
    0.4499795734882355,
    0.35732418298721313,
    0.2706550061702728,
    0.19675730168819427,
    0.18357977271080017,
    0.15223591029644012,
    0.12407418340444565
  ],
  "accuracy": [
    0.10735294222831726,
    0.24558822810649872,
    0.3323529362678528,
    0.4632352888584137,
    0.5426470637321472,
    0.6176470518112183,
    0.6514706015586853,
    0.7470588088035583,
    0.7749999761581421,
    0.8720588088035583,
    0.8897058963775635,
    0.9014706015586853,
    0.9352940917015076,
    0.9323529601097107,
    0.9588235020637512,
    0.9514706134796143
  ],
  "val_loss": [
    4.875744342803955,
    3.022996187210083,
    2.042213201522827,
    1.5014896392822266,
    1.19325590133667,
    1.0314812660217285,
    0.8892450928688049,
    0.8237441778182983,
    0.6889125108718872,
    0.6321542263031006,
    0.5729904174804688,
    0.5632188320159912,
    0.5084086656570435,
    0.48887714743614197,
    0.4529608190059662,
    0.4512622654438019
  ],
  "val_accuracy": [
    0.2029411792755127,
    0.385294109582901,
    0.5235294103622437,
    0.6117647290229797,
    0.6529411673545837,
    0.7176470756530762,
    0.7352941036224365,
    0.7647058963775635,
    0.8088235259056091,
    0.8294117450714111,
    0.8500000238418579,
    0.8647058606147766,
    0.8764705657958984,
    0.8882352709770203,
    0.8882352709770203,
    0.8882352709770203
  ],
  "test_loss": [
    5.021059513092041,
    3.048593044281006,
    1.9307383298873901,
    1.3756200075149536,
    1.051802635192871,
    0.8824805617332458,
    0.7548482418060303,
    0.6507241725921631,
    0.5878400206565857,
    0.5393658876419067,
    0.5121819972991943,
    0.49953627586364746,
    0.4671503007411957,
    0.47102090716362,
    0.41881170868873596,
    0.4073079824447632
  ],
  "test_accuracy": [
    0.23235294222831726,
    0.3911764621734619,
    0.5470588207244873,
    0.6235294342041016,
    0.6941176652908325,
    0.7588235139846802,
    0.7764706015586853,
    0.8235294222831726,
    0.8382353186607361,
    0.8529411554336548,
    0.8823529481887817,
    0.8823529481887817,
    0.8970588445663452,
    0.8999999761581421,
    0.9058823585510254,
    0.8999999761581421
  ]
}