{
  "loss": [
    3.471698045730591,
    1.8361477851867676
  ],
  "accuracy": [
    0.2644520401954651,
    0.6280736327171326
  ],
  "test_loss": [
    2.279467821121216,
    1.1230138540267944
  ],
  "test_accuracy": [
    0.44384765625,
    0.72607421875
  ]
}