{
  "loss": [
    3.4242985248565674,
    1.7925149202346802
  ],
  "accuracy": [
    0.27796775102615356,
    0.6401237845420837
  ],
  "test_loss": [
    2.350968360900879,
    1.1853498220443726
  ],
  "test_accuracy": [
    0.4267578125,
    0.7109375
  ]
}