seed,unfreeze_from,dropout,best_val_loss,best_val_acc,test_loss,test_acc,history_path
42,block4_conv1,0.2,0.8458935022354126,0.8158280253410339,0.8784161806106567,0.8076171875,HPO/history/seed42_unfreezeblock4_conv1_drop0.2.json
42,block5_conv1,0.2,0.8588967323303223,0.8265754580497742,0.9090484380722046,0.82373046875,HPO/history/seed42_unfreezeblock5_conv1_drop0.2.json
42,block4_conv1,0.4,1.0329197645187378,0.7835857272148132,1.0965396165847778,0.767578125,HPO/history/seed42_unfreezeblock4_conv1_drop0.4.json
42,block5_conv1,0.4,1.0427882671356201,0.7635564208030701,1.0801349878311157,0.76171875,HPO/history/seed42_unfreezeblock5_conv1_drop0.4.json
42,block5_conv1,0.6,1.3096964359283447,0.6795310378074646,1.3629297018051147,0.67138671875,HPO/history/seed42_unfreezeblock5_conv1_drop0.6.json
42,block4_conv1,0.6,1.3475667238235474,0.6829506754875183,1.4253147840499878,0.6689453125,HPO/history/seed42_unfreezeblock4_conv1_drop0.6.json
