seed,unfreeze_from,dropout,best_val_loss,best_val_acc,test_loss,test_acc,history_path
123,block4_conv1,0.2,0.9013798236846924,0.8168050646781921,0.8925063014030457,0.8193359375,HPO/history/seed123_unfreezeblock4_conv1_drop0.2.json
123,block5_conv1,0.2,0.9515630602836609,0.796775758266449,0.926598310470581,0.8095703125,HPO/history/seed123_unfreezeblock5_conv1_drop0.2.json
123,block5_conv1,0.4,1.0654022693634033,0.753786027431488,1.0479323863983154,0.76953125,HPO/history/seed123_unfreezeblock5_conv1_drop0.4.json
123,block4_conv1,0.4,1.1020781993865967,0.7664875388145447,1.0689324140548706,0.77685546875,HPO/history/seed123_unfreezeblock4_conv1_drop0.4.json
123,block4_conv1,0.6,1.3119714260101318,0.7098192572593689,1.267286777496338,0.72021484375,HPO/history/seed123_unfreezeblock4_conv1_drop0.6.json
123,block5_conv1,0.6,1.3464528322219849,0.7254518866539001,1.3232706785202026,0.72607421875,HPO/history/seed123_unfreezeblock5_conv1_drop0.6.json
