{
  "loss": [
    4.529989242553711,
    3.0428664684295654,
    2.5236878395080566,
    1.7998348474502563
  ],
  "accuracy": [
    0.07620908319950104,
    0.30483633279800415,
    0.4147532880306244,
    0.6094284057617188
  ],
  "val_loss": [
    3.499988079071045,
    2.3009185791015625,
    1.8102152347564697,
    1.3475667238235474
  ],
  "val_accuracy": [
    0.23888617753982544,
    0.46213972568511963,
    0.5588666200637817,
    0.6829506754875183
  ],
  "lr": [
    0.0010000000474974513,
    0.0010000000474974513,
    9.999999747378752e-05,
    9.999999747378752e-05
  ]
}