{
  "loss": [
    3.8362181186676025,
    2.2747511863708496,
    1.5454658269882202,
    0.9001180529594421
  ],
  "accuracy": [
    0.20029310882091522,
    0.52173912525177,
    0.6949194073677063,
    0.8744503855705261
  ],
  "val_loss": [
    3.033668041229248,
    1.9379827976226807,
    1.1646853685379028,
    0.9515630602836609
  ],
  "val_accuracy": [
    0.2965314984321594,
    0.5437225103378296,
    0.715192973613739,
    0.796775758266449
  ],
  "lr": [
    0.0010000000474974513,
    0.0010000000474974513,
    9.999999747378752e-05,
    9.999999747378752e-05
  ]
}