{
  "accuracy": [
    0.13165608048439026,
    0.33414754271507263,
    0.4469956159591675,
    0.5175867080688477,
    0.5715681314468384,
    0.5847581624984741,
    0.5862237215042114,
    0.5994137525558472
  ],
  "loss": [
    4.032855033874512,
    3.008601427078247,
    2.4590907096862793,
    2.0689473152160645,
    1.8345500230789185,
    1.7899643182754517,
    1.779604196548462,
    1.7314149141311646
  ],
  "val_accuracy": [
    0.2300928235054016,
    0.4162188470363617,
    0.5197850465774536,
    0.5769418478012085,
    0.6047874689102173,
    0.6257938742637634,
    0.628724992275238,
    0.6321446299552917
  ],
  "val_loss": [
    3.9485726356506348,
    3.2421975135803223,
    2.5689780712127686,
    2.0892741680145264,
    1.8952093124389648,
    1.7866278886795044,
    1.7199307680130005,
    1.6729328632354736
  ],
  "learning_rate": [
    0.0010000000474974513,
    0.0010000000474974513,
    0.0010000000474974513,
    0.0010000000474974513,
    9.999999747378752e-05,
    9.999999747378752e-05,
    9.999999747378752e-05,
    9.999999747378752e-05
  ]
}