{
  "accuracy": [
    0.07425500452518463,
    0.20175866782665253,
    0.28700536489486694,
    0.3461162745952606,
    0.3810454308986664,
    0.38715192675590515,
    0.3983878791332245,
    0.4096238315105438
  ],
  "loss": [
    4.422066688537598,
    3.639453887939453,
    3.14691162109375,
    2.799340009689331,
    2.615124464035034,
    2.5708513259887695,
    2.5146501064300537,
    2.4955873489379883
  ],
  "val_accuracy": [
    0.165608212351799,
    0.33903273940086365,
    0.42940887808799744,
    0.49340498447418213,
    0.5090376138687134,
    0.5144113302230835,
    0.5192965269088745,
    0.5236932039260864
  ],
  "val_loss": [
    4.150761604309082,
    3.5451276302337646,
    2.9898672103881836,
    2.5439164638519287,
    2.3852052688598633,
    2.2900679111480713,
    2.231292247772217,
    2.1801583766937256
  ],
  "learning_rate": [
    0.0010000000474974513,
    0.0010000000474974513,
    0.0010000000474974513,
    0.0010000000474974513,
    9.999999747378752e-05,
    9.999999747378752e-05,
    9.999999747378752e-05,
    9.999999747378752e-05
  ]
}