{
  "loss": [
    3.8204903602600098,
    2.2940802574157715,
    1.6983846426010132,
    0.9402952194213867
  ],
  "accuracy": [
    0.1968734711408615,
    0.5261358022689819,
    0.6470444798469543,
    0.8615046143531799
  ],
  "val_loss": [
    3.0320475101470947,
    1.9376307725906372,
    1.3648121356964111,
    0.9013798236846924
  ],
  "val_accuracy": [
    0.3185149133205414,
    0.550561785697937,
    0.6585246920585632,
    0.8168050646781921
  ],
  "lr": [
    0.0010000000474974513,
    0.0010000000474974513,
    9.999999747378752e-05,
    9.999999747378752e-05
  ]
}