{
  "loss": [
    4.420751571655273,
    3.017315149307251,
    2.3348350524902344,
    1.7139772176742554
  ],
  "accuracy": [
    0.09306301921606064,
    0.3148510158061981,
    0.46653640270233154,
    0.6189545392990112
  ],
  "val_loss": [
    3.438917875289917,
    2.3735172748565674,
    1.8380415439605713,
    1.3464528322219849
  ],
  "val_accuracy": [
    0.2594040036201477,
    0.4479726552963257,
    0.5617977380752563,
    0.7254518866539001
  ],
  "lr": [
    0.0010000000474974513,
    0.0010000000474974513,
    9.999999747378752e-05,
    9.999999747378752e-05
  ]
}