{
  "loss": [
    4.3919572830200195,
    3.0049936771392822,
    2.333719491958618,
    1.729374885559082
  ],
  "accuracy": [
    0.09355153888463974,
    0.32266733050346375,
    0.4587200880050659,
    0.6191987991333008
  ],
  "val_loss": [
    3.4101955890655518,
    2.294431686401367,
    1.6454545259475708,
    1.3096964359283447
  ],
  "val_accuracy": [
    0.2535417675971985,
    0.46458232402801514,
    0.5867122411727905,
    0.6795310378074646
  ],
  "lr": [
    0.0010000000474974513,
    0.0010000000474974513,
    9.999999747378752e-05,
    9.999999747378752e-05
  ]
}