{
  "accuracy": [
    0.040791403502225876,
    0.0962383970618248,
    0.14704445004463196,
    0.18441621959209442,
    0.21763555705547333,
    0.21787981688976288,
    0.21421591937541962,
    0.22203224897384644
  ],
  "loss": [
    4.801971912384033,
    4.1765031814575195,
    3.8591015338897705,
    3.602966547012329,
    3.4294021129608154,
    3.419628381729126,
    3.385143280029297,
    3.3558573722839355
  ],
  "val_accuracy": [
    0.15339520573616028,
    0.2291157841682434,
    0.30630189180374146,
    0.37616023421287537,
    0.3800683915615082,
    0.3844650685787201,
    0.3893502652645111,
    0.3893502652645111
  ],
  "val_loss": [
    4.287194728851318,
    3.904208183288574,
    3.506542444229126,
    3.1480660438537598,
    3.0721192359924316,
    2.9999892711639404,
    2.950481414794922,
    2.908407688140869
  ],
  "learning_rate": [
    0.0010000000474974513,
    0.0010000000474974513,
    0.0010000000474974513,
    0.0010000000474974513,
    9.999999747378752e-05,
    9.999999747378752e-05,
    9.999999747378752e-05,
    9.999999747378752e-05
  ]
}