{
  "accuracy": [
    0.026624327525496483,
    0.08304836601018906,
    0.13409867882728577,
    0.17537860572338104,
    0.20664386451244354,
    0.20346848666667938,
    0.20762090384960175,
    0.22252076864242554
  ],
  "loss": [
    4.868062496185303,
    4.235527515411377,
    3.9077954292297363,
    3.655458688735962,
    3.486980438232422,
    3.4717156887054443,
    3.4486494064331055,
    3.384784460067749
  ],
  "val_accuracy": [
    0.127992182970047,
    0.23595505952835083,
    0.3199804723262787,
    0.36932095885276794,
    0.37762579321861267,
    0.3849535882472992,
    0.3913043439388275,
    0.39570102095603943
  ],
  "val_loss": [
    4.329903602600098,
    3.9797096252441406,
    3.584134817123413,
    3.217512845993042,
    3.120161294937134,
    3.0491135120391846,
    2.988950729370117,
    2.947938919067383
  ],
  "learning_rate": [
    0.0010000000474974513,
    0.0010000000474974513,
    0.0010000000474974513,
    0.0010000000474974513,
    9.999999747378752e-05,
    9.999999747378752e-05,
    9.999999747378752e-05,
    9.999999747378752e-05
  ]
}