{
  "loss": [
    4.062617778778076,
    2.5603573322296143,
    1.9738084077835083,
    1.2339847087860107
  ],
  "accuracy": [
    0.14973130822181702,
    0.4447972774505615,
    0.564728856086731,
    0.777723491191864
  ],
  "val_loss": [
    3.3004424571990967,
    2.0890612602233887,
    1.4205790758132935,
    1.1020781993865967
  ],
  "val_accuracy": [
    0.2813873887062073,
    0.5192965269088745,
    0.6502198576927185,
    0.7664875388145447
  ],
  "lr": [
    0.0010000000474974513,
    0.0010000000474974513,
    9.999999747378752e-05,
    9.999999747378752e-05
  ]
}