{
  "loss": [
    4.02545690536499,
    2.550571918487549,
    1.813551425933838,
    1.1632535457611084
  ],
  "accuracy": [
    0.16145579516887665,
    0.4513922929763794,
    0.6126037836074829,
    0.8021494746208191
  ],
  "val_loss": [
    3.2650187015533447,
    2.04044771194458,
    1.3485779762268066,
    1.0654022693634033
  ],
  "val_accuracy": [
    0.2931118607521057,
    0.5114802122116089,
    0.6653639674186707,
    0.753786027431488
  ],
  "lr": [
    0.0010000000474974513,
    0.0010000000474974513,
    9.999999747378752e-05,
    9.999999747378752e-05
  ]
}