{
  "loss": [
    3.815424680709839,
    2.284252405166626,
    1.6731263399124146,
    0.9137434959411621
  ],
  "accuracy": [
    0.20127014815807343,
    0.5280898809432983,
    0.6599902510643005,
    0.871275007724762
  ],
  "val_loss": [
    3.0260746479034424,
    1.836647629737854,
    1.1866211891174316,
    0.8458935022354126
  ],
  "val_accuracy": [
    0.3194919526576996,
    0.5593551397323608,
    0.6976062655448914,
    0.8158280253410339
  ],
  "lr": [
    0.0010000000474974513,
    0.0010000000474974513,
    9.999999747378752e-05,
    9.999999747378752e-05
  ]
}