{
  "loss": [
    3.755974054336548,
    2.2589144706726074,
    1.5204336643218994,
    0.8837263584136963
  ],
  "accuracy": [
    0.20615534484386444,
    0.531020998954773,
    0.7095749974250793,
    0.8878847360610962
  ],
  "val_loss": [
    2.999326705932617,
    1.8470288515090942,
    1.1962352991104126,
    0.8588967323303223
  ],
  "val_accuracy": [
    0.34391793608665466,
    0.5500732660293579,
    0.6985833048820496,
    0.8265754580497742
  ],
  "lr": [
    0.0010000000474974513,
    0.0010000000474974513,
    9.999999747378752e-05,
    9.999999747378752e-05
  ]
}