{
  "loss": [
    4.0480780601501465,
    2.558532238006592,
    2.0020830631256104,
    1.2008895874023438
  ],
  "accuracy": [
    0.1472887098789215,
    0.4384465217590332,
    0.5615534782409668,
    0.7804103493690491
  ],
  "val_loss": [
    3.287994384765625,
    2.079881191253662,
    1.5504645109176636,
    1.0329197645187378
  ],
  "val_accuracy": [
    0.26673179864883423,
    0.5075720548629761,
    0.5964826345443726,
    0.7835857272148132
  ],
  "lr": [
    0.0010000000474974513,
    0.0010000000474974513,
    9.999999747378752e-05,
    9.999999747378752e-05
  ]
}