{
  "accuracy": [
    0.07083536684513092,
    0.20053736865520477,
    0.28407424688339233,
    0.3492916524410248,
    0.37982413172721863,
    0.38568636775016785,
    0.39057156443595886,
    0.395945280790329
  ],
  "loss": [
    4.417672157287598,
    3.6001744270324707,
    3.173828601837158,
    2.8017663955688477,
    2.621824026107788,
    2.5779900550842285,
    2.5596323013305664,
    2.537616014480591
  ],
  "val_accuracy": [
    0.17879824340343475,
    0.2862725853919983,
    0.39912065863609314,
    0.46458232402801514,
    0.4777723550796509,
    0.492916464805603,
    0.49975574016571045,
    0.5080605745315552
  ],
  "val_loss": [
    4.136225700378418,
    3.5738766193389893,
    3.0244386196136475,
    2.5512173175811768,
    2.416651487350464,
    2.3220643997192383,
    2.2563843727111816,
    2.208369731903076
  ],
  "learning_rate": [
    0.0010000000474974513,
    0.0010000000474974513,
    0.0010000000474974513,
    0.0010000000474974513,
    9.999999747378752e-05,
    9.999999747378752e-05,
    9.999999747378752e-05,
    9.999999747378752e-05
  ]
}