{
  "loss": [
    4.045867919921875,
    2.5596752166748047,
    1.8441659212112427,
    1.1973575353622437
  ],
  "accuracy": [
    0.13849535584449768,
    0.4306301772594452,
    0.6013678312301636,
    0.794577419757843
  ],
  "val_loss": [
    3.2324459552764893,
    2.005125045776367,
    1.2956812381744385,
    1.0427882671356201
  ],
  "val_accuracy": [
    0.2867611050605774,
    0.5324865579605103,
    0.6775769591331482,
    0.7635564208030701
  ],
  "lr": [
    0.0010000000474974513,
    0.0010000000474974513,
    9.999999747378752e-05,
    9.999999747378752e-05
  ]
}