{
  "accuracy": [
    0.1309233009815216,
    0.32950660586357117,
    0.4264777600765228,
    0.5131900310516357,
    0.5583781003952026,
    0.5652173757553101,
    0.5713238716125488,
    0.593551516532898
  ],
  "loss": [
    4.063949108123779,
    3.075469970703125,
    2.5391032695770264,
    2.117033004760742,
    1.8727102279663086,
    1.8491955995559692,
    1.8165229558944702,
    1.7510000467300415
  ],
  "val_accuracy": [
    0.2520762085914612,
    0.4240351617336273,
    0.5051294565200806,
    0.5661944150924683,
    0.6013678312301636,
    0.6077185869216919,
    0.6121152639389038,
    0.6233512163162231
  ],
  "val_loss": [
    3.9982094764709473,
    3.246121883392334,
    2.5868663787841797,
    2.0754306316375732,
    1.9029945135116577,
    1.8022584915161133,
    1.7390525341033936,
    1.68948495388031
  ],
  "learning_rate": [
    0.0010000000474974513,
    0.0010000000474974513,
    0.0010000000474974513,
    0.0010000000474974513,
    9.999999747378752e-05,
    9.999999747378752e-05,
    9.999999747378752e-05,
    9.999999747378752e-05
  ]
}