{
  "loss": [
    4.47549295425415,
    3.028280258178711,
    2.4758739471435547,
    1.7423486709594727
  ],
  "accuracy": [
    0.09013190120458603,
    0.3180263936519623,
    0.4350268542766571,
    0.6233512163162231
  ],
  "val_loss": [
    3.3594164848327637,
    2.297528028488159,
    1.8448896408081055,
    1.3119714260101318
  ],
  "val_accuracy": [
    0.27552515268325806,
    0.46262824535369873,
    0.5583781003952026,
    0.7098192572593689
  ],
  "lr": [
    0.0010000000474974513,
    0.0010000000474974513,
    9.999999747378752e-05,
    9.999999747378752e-05
  ]
}