{
  "accuracy": [
    0.13556423783302307,
    0.3368344008922577,
    0.4433317184448242,
    0.5112359523773193,
    0.5691255331039429,
    0.5779188871383667,
    0.5911089181900024,
    0.5859794616699219
  ],
  "loss": [
    4.076526165008545,
    3.0646581649780273,
    2.49814510345459,
    2.1092541217803955,
    1.8667402267456055,
    1.8262220621109009,
    1.7900309562683105,
    1.7661200761795044
  ],
  "val_accuracy": [
    0.24279433488845825,
    0.4157303273677826,
    0.52173912525177,
    0.5774303674697876,
    0.60332190990448,
    0.6106497049331665,
    0.6155349016189575,
    0.6165119409561157
  ],
  "val_loss": [
    3.9692087173461914,
    3.2859694957733154,
    2.602912664413452,
    2.1140658855438232,
    1.9175828695297241,
    1.8121706247329712,
    1.7483144998550415,
    1.7040965557098389
  ],
  "learning_rate": [
    0.0010000000474974513,
    0.0010000000474974513,
    0.0010000000474974513,
    0.0010000000474974513,
    9.999999747378752e-05,
    9.999999747378752e-05,
    9.999999747378752e-05,
    9.999999747378752e-05
  ]
}