{
  "accuracy": [
    0.25810128450393677,
    0.5466536283493042,
    0.6743201613426208,
    0.7368506789207458,
    0.7787005305290222,
    0.8062204718589783,
    0.8264126181602478,
    0.8472561240196228,
    0.8503500819206238,
    0.8505129218101501,
    0.8601204752922058,
    0.9149975776672363,
    0.9417033195495605,
    0.9599413871765137,
    0.9723172187805176,
    0.9736199378967285,
    0.9820876121520996,
    0.9825761318206787,
    0.9824132919311523,
    0.9869728088378906
  ],
  "loss": [
    3.512660503387451,
    2.152523994445801,
    1.5062440633773804,
    1.1517122983932495,
    0.9379130005836487,
    0.7853783369064331,
    0.6942898035049438,
    0.612943172454834,
    0.5797357559204102,
    0.5355738401412964,
    0.5149660706520081,
    0.31744229793548584,
    0.23658442497253418,
    0.18526475131511688,
    0.15064172446727753,
    0.13695861399173737,
    0.10577305406332016,
    0.09885278344154358,
    0.09675628691911697,
    0.07585420459508896
  ],
  "test_loss": [
    2.3431811332702637,
    1.5570363998413086,
    1.1075637340545654,
    0.8590339422225952,
    0.6919516921043396,
    0.6038827896118164,
    0.5383079648017883,
    0.5086937546730042,
    0.47050759196281433,
    0.46760866045951843,
    0.4862337112426758,
    0.3165525496006012,
    0.3013876974582672,
    0.29419222474098206,
    0.27049338817596436,
    0.21211759746074677,
    0.2018435299396515,
    0.17597052454948425,
    0.20116353034973145,
    0.25638604164123535
  ],
  "test_accuracy": [
    0.50830078125,
    0.6787109375,
    0.77587890625,
    0.80615234375,
    0.84033203125,
    0.84765625,
    0.861328125,
    0.86328125,
    0.87646484375,
    0.8798828125,
    0.859375,
    0.91162109375,
    0.916015625,
    0.9208984375,
    0.92431640625,
    0.9423828125,
    0.9521484375,
    0.95458984375,
    0.94921875,
    0.9267578125
  ]
}