{
  "accuracy": [
    0.25175052881240845,
    0.5347663164138794,
    0.663735568523407,
    0.7467839121818542,
    0.7811431288719177,
    0.806546151638031,
    0.8296694159507751,
    0.8439993262290955,
    0.8479074835777283,
    0.865982711315155,
    0.8653313517570496,
    0.91841721534729,
    0.9446344375610352,
    0.9555447101593018,
    0.9674320220947266,
    0.972480058670044,
    0.9778537750244141,
    0.9820876121520996,
    0.9855072498321533,
    0.9894154071807861
  ],
  "loss": [
    3.554506778717041,
    2.178044080734253,
    1.5415589809417725,
    1.1535277366638184,
    0.9374088644981384,
    0.7911856770515442,
    0.6827449798583984,
    0.6225717663764954,
    0.5738285183906555,
    0.5075193643569946,
    0.5143660306930542,
    0.3199617862701416,
    0.23543256521224976,
    0.18898718059062958,
    0.15493759512901306,
    0.13594499230384827,
    0.11881338804960251,
    0.09566426277160645,
    0.08828279376029968,
    0.0741748958826065
  ],
  "test_loss": [
    2.3811404705047607,
    1.564932107925415,
    1.1323288679122925,
    0.8631963133811951,
    0.7077417373657227,
    0.6171389222145081,
    0.5771621465682983,
    0.5722507834434509,
    0.5330404043197632,
    0.5038957595825195,
    0.4144396483898163,
    0.3864884376525879,
    0.3379521071910858,
    0.2688131034374237,
    0.264265239238739,
    0.2461821436882019,
    0.2654162049293518,
    0.21463555097579956,
    0.19605982303619385,
    0.20310814678668976
  ],
  "test_accuracy": [
    0.462890625,
    0.6884765625,
    0.75390625,
    0.80615234375,
    0.83056640625,
    0.845703125,
    0.85107421875,
    0.85205078125,
    0.85107421875,
    0.86181640625,
    0.88818359375,
    0.89013671875,
    0.9052734375,
    0.92724609375,
    0.93017578125,
    0.9345703125,
    0.9296875,
    0.93701171875,
    0.9501953125,
    0.93994140625
  ]
}