{
  "accuracy": [
    0.19068555533885956,
    0.3943983018398285,
    0.5052922964096069,
    0.5845953226089478,
    0.6225370168685913,
    0.6586875319480896,
    0.6904413104057312,
    0.7052597403526306,
    0.7168213725090027,
    0.7278944849967957,
    0.7443413138389587,
    0.763067901134491,
    0.7602996230125427,
    0.764859139919281,
    0.7671388983726501,
    0.779514729976654,
    0.7783748507499695,
    0.7689301371574402,
    0.7800032496452332,
    0.7845627665519714
  ],
  "loss": [
    3.820767641067505,
    2.6679494380950928,
    2.0973501205444336,
    1.7361959218978882,
    1.5118355751037598,
    1.3311930894851685,
    1.198850393295288,
    1.1172428131103516,
    1.0498250722885132,
    0.9921248555183411,
    0.9173059463500977,
    0.8578749299049377,
    0.8571158051490784,
    0.8552017211914062,
    0.8319991230964661,
    0.8160228729248047,
    0.8197082877159119,
    0.8214978575706482,
    0.7919576168060303,
    0.8058474063873291
  ],
  "test_loss": [
    3.599395990371704,
    2.623361110687256,
    1.951712727546692,
    1.5676755905151367,
    1.4159705638885498,
    1.2879204750061035,
    1.1871256828308105,
    1.1077431440353394,
    1.0898021459579468,
    1.088666558265686,
    0.9802755117416382,
    0.9516174793243408,
    0.9454684853553772,
    0.9368027448654175,
    0.9288846850395203,
    0.9233381748199463,
    0.9181066155433655,
    0.9231120347976685,
    0.9142183661460876,
    0.9069679975509644
  ],
  "test_accuracy": [
    0.30615234375,
    0.484375,
    0.58935546875,
    0.6318359375,
    0.6494140625,
    0.67138671875,
    0.6865234375,
    0.705078125,
    0.70458984375,
    0.70263671875,
    0.7333984375,
    0.7431640625,
    0.74609375,
    0.751953125,
    0.751953125,
    0.74951171875,
    0.75048828125,
    0.748046875,
    0.74853515625,
    0.7529296875
  ]
}