{
  "accuracy": [
    0.19035987555980682,
    0.40709981322288513,
    0.5092004537582397,
    0.5832926034927368,
    0.6285621523857117,
    0.6609672904014587,
    0.6811594367027283,
    0.700537383556366,
    0.7230092883110046,
    0.7352222800254822,
    0.7461325526237488,
    0.7591597437858582,
    0.763067901134491,
    0.7707213759422302,
    0.7736524939537048,
    0.7731639742851257,
    0.7725126147270203,
    0.7736524939537048,
    0.7705585360527039,
    0.7743038535118103
  ],
  "loss": [
    3.769477128982544,
    2.6403872966766357,
    2.067049264907837,
    1.7215654850006104,
    1.4661158323287964,
    1.3268110752105713,
    1.2110388278961182,
    1.1244163513183594,
    1.0342665910720825,
    0.9607118368148804,
    0.9147467017173767,
    0.8715282082557678,
    0.8510680794715881,
    0.8414915204048157,
    0.8330180048942566,
    0.8258150815963745,
    0.8270091414451599,
    0.821233332157135,
    0.817937433719635,
    0.8118715286254883
  ],
  "test_loss": [
    3.60892915725708,
    2.5441641807556152,
    1.8683956861495972,
    1.5304005146026611,
    1.2987662553787231,
    1.1996136903762817,
    1.1301580667495728,
    1.1065938472747803,
    1.0022969245910645,
    0.9830995798110962,
    0.9140711426734924,
    0.8984220027923584,
    0.8988732099533081,
    0.8950543999671936,
    0.888375461101532,
    0.885940670967102,
    0.8814293742179871,
    0.8690250515937805,
    0.8702934980392456,
    0.8573140501976013
  ],
  "test_accuracy": [
    0.34619140625,
    0.51806640625,
    0.60498046875,
    0.642578125,
    0.68017578125,
    0.69091796875,
    0.7119140625,
    0.69873046875,
    0.73388671875,
    0.72900390625,
    0.75341796875,
    0.7587890625,
    0.75341796875,
    0.75341796875,
    0.75537109375,
    0.75390625,
    0.76025390625,
    0.76220703125,
    0.7607421875,
    0.7646484375
  ]
}